Ano,Mês,Grupo Mercadoria,Carga Ferroviária
2006,1,"Combustíveis, Derivados do Petróleo e Álcool",716079
2006,1,"Indústria Siderúrgica, Cimento e Construção Civil",4115401
2006,1,"Setor Agrícola, Extração Vegetal e Celulose",2151686
2006,1,Minério de Ferro,23682391
2006,1,Outras Mercadorias,475936
2006,2,"Setor Agrícola, Extração Vegetal e Celulose",2876044
2006,2,Outras Mercadorias,434929
2006,2,"Combustíveis, Derivados do Petróleo e Álcool",660929
2006,2,Minério de Ferro,19902707
2006,2,"Indústria Siderúrgica, Cimento e Construção Civil",3411238
2006,3,Outras Mercadorias,224606
2006,3,"Setor Agrícola, Extração Vegetal e Celulose",3725776
2006,3,"Combustíveis, Derivados do Petróleo e Álcool",762391
2006,3,"Indústria Siderúrgica, Cimento e Construção Civil",4051851
2006,3,Minério de Ferro,22450164
2006,4,"Combustíveis, Derivados do Petróleo e Álcool",729185
2006,4,Outras Mercadorias,403323
2006,4,"Indústria Siderúrgica, Cimento e Construção Civil",3850737
2006,4,"Setor Agrícola, Extração Vegetal e Celulose",3754956
2006,4,Minério de Ferro,22127126
2006,5,"Setor Agrícola, Extração Vegetal e Celulose",3666761
2006,5,"Indústria Siderúrgica, Cimento e Construção Civil",4058449
2006,5,"Combustíveis, Derivados do Petróleo e Álcool",707834
2006,5,Outras Mercadorias,422388
2006,5,Minério de Ferro,23607381
2006,6,"Combustíveis, Derivados do Petróleo e Álcool",832953
2006,6,"Indústria Siderúrgica, Cimento e Construção Civil",4235699
2006,6,Outras Mercadorias,392050
2006,6,"Setor Agrícola, Extração Vegetal e Celulose",4197726
2006,6,Minério de Ferro,23275705
2006,7,"Indústria Siderúrgica, Cimento e Construção Civil",4397475
2006,7,"Setor Agrícola, Extração Vegetal e Celulose",4186446
2006,7,"Combustíveis, Derivados do Petróleo e Álcool",785830
2006,7,Outras Mercadorias,422050
2006,7,Minério de Ferro,25164825
2006,8,Outras Mercadorias,468685
2006,8,"Indústria Siderúrgica, Cimento e Construção Civil",4393834
2006,8,"Combustíveis, Derivados do Petróleo e Álcool",1094942
2006,8,Minério de Ferro,25229542
2006,8,"Setor Agrícola, Extração Vegetal e Celulose",4405950
2006,9,Outras Mercadorias,429147
2006,9,Minério de Ferro,24157169
2006,9,"Combustíveis, Derivados do Petróleo e Álcool",925606
2006,9,"Setor Agrícola, Extração Vegetal e Celulose",4365005
2006,9,"Indústria Siderúrgica, Cimento e Construção Civil",4448781
2006,10,"Setor Agrícola, Extração Vegetal e Celulose",3732215
2006,10,Outras Mercadorias,320455
2006,10,Minério de Ferro,25150029
2006,10,"Combustíveis, Derivados do Petróleo e Álcool",938521
2006,10,"Indústria Siderúrgica, Cimento e Construção Civil",4756572
2006,11,"Indústria Siderúrgica, Cimento e Construção Civil",4496700
2006,11,"Combustíveis, Derivados do Petróleo e Álcool",790244
2006,11,Minério de Ferro,23469386
2006,11,"Setor Agrícola, Extração Vegetal e Celulose",2831819
2006,11,Outras Mercadorias,289404
2006,12,Minério de Ferro,23475008
2006,12,"Indústria Siderúrgica, Cimento e Construção Civil",4478895
2006,12,"Setor Agrícola, Extração Vegetal e Celulose",2436609
2006,12,"Combustíveis, Derivados do Petróleo e Álcool",925811
2006,12,Outras Mercadorias,241507
2007,1,Outras Mercadorias,212609
2007,1,Minério de Ferro,23621187
2007,1,"Indústria Siderúrgica, Cimento e Construção Civil",4142975
2007,1,"Combustíveis, Derivados do Petróleo e Álcool",821411
2007,1,"Setor Agrícola, Extração Vegetal e Celulose",2175816
2007,2,"Combustíveis, Derivados do Petróleo e Álcool",644722
2007,2,Minério de Ferro,21908730
2007,2,Outras Mercadorias,187156
2007,2,"Indústria Siderúrgica, Cimento e Construção Civil",3996948
2007,2,"Setor Agrícola, Extração Vegetal e Celulose",2593181
2007,3,"Combustíveis, Derivados do Petróleo e Álcool",725922
2007,3,Outras Mercadorias,205357
2007,3,"Indústria Siderúrgica, Cimento e Construção Civil",4563266
2007,3,Minério de Ferro,24250460
2007,3,"Setor Agrícola, Extração Vegetal e Celulose",3538775
2007,4,Outras Mercadorias,195126
2007,4,"Combustíveis, Derivados do Petróleo e Álcool",727994
2007,4,"Indústria Siderúrgica, Cimento e Construção Civil",4305547
2007,4,"Setor Agrícola, Extração Vegetal e Celulose",3710595
2007,4,Minério de Ferro,24460612
2007,5,"Indústria Siderúrgica, Cimento e Construção Civil",4617738
2007,5,Outras Mercadorias,323241
2007,5,"Setor Agrícola, Extração Vegetal e Celulose",3718780
2007,5,Minério de Ferro,25430537
2007,5,"Combustíveis, Derivados do Petróleo e Álcool",799032
2007,6,"Indústria Siderúrgica, Cimento e Construção Civil",4359573
2007,6,Outras Mercadorias,310544
2007,6,Minério de Ferro,25515805
2007,6,"Combustíveis, Derivados do Petróleo e Álcool",819975
2007,6,"Setor Agrícola, Extração Vegetal e Celulose",3972955
2007,7,Outras Mercadorias,334555
2007,7,Minério de Ferro,26717754
2007,7,"Indústria Siderúrgica, Cimento e Construção Civil",4593597
2007,7,"Setor Agrícola, Extração Vegetal e Celulose",3907158
2007,7,"Combustíveis, Derivados do Petróleo e Álcool",848466
2007,8,Outras Mercadorias,378511
2007,8,Minério de Ferro,28014633
2007,8,"Setor Agrícola, Extração Vegetal e Celulose",3974439
2007,8,"Indústria Siderúrgica, Cimento e Construção Civil",4590470
2007,8,"Combustíveis, Derivados do Petróleo e Álcool",879246
2007,9,"Indústria Siderúrgica, Cimento e Construção Civil",4389153
2007,9,"Combustíveis, Derivados do Petróleo e Álcool",810674
2007,9,Outras Mercadorias,297644
2007,9,Minério de Ferro,26601356
2007,9,"Setor Agrícola, Extração Vegetal e Celulose",3996882
2007,10,"Combustíveis, Derivados do Petróleo e Álcool",870695
2007,10,"Indústria Siderúrgica, Cimento e Construção Civil",4674877
2007,10,Minério de Ferro,26889106
2007,10,"Setor Agrícola, Extração Vegetal e Celulose",4003298
2007,10,Outras Mercadorias,323323
2007,11,"Setor Agrícola, Extração Vegetal e Celulose",3260385
2007,11,"Indústria Siderúrgica, Cimento e Construção Civil",4422311
2007,11,Outras Mercadorias,293279
2007,11,Minério de Ferro,25674313
2007,11,"Combustíveis, Derivados do Petróleo e Álcool",780388
2007,12,"Indústria Siderúrgica, Cimento e Construção Civil",4680209
2007,12,"Combustíveis, Derivados do Petróleo e Álcool",768170
2007,12,Minério de Ferro,28346079
2007,12,Outras Mercadorias,311627
2007,12,"Setor Agrícola, Extração Vegetal e Celulose",2435856
2008,1,"Indústria Siderúrgica, Cimento e Construção Civil",4512057
2008,1,Outras Mercadorias,331947
2008,1,"Combustíveis, Derivados do Petróleo e Álcool",811094
2008,1,Minério de Ferro,26806978
2008,1,"Setor Agrícola, Extração Vegetal e Celulose",2098867
2008,2,Outras Mercadorias,307951
2008,2,"Combustíveis, Derivados do Petróleo e Álcool",780067
2008,2,"Setor Agrícola, Extração Vegetal e Celulose",2592577
2008,2,"Indústria Siderúrgica, Cimento e Construção Civil",4118742
2008,2,Minério de Ferro,25229110
2008,3,Outras Mercadorias,284779
2008,3,"Setor Agrícola, Extração Vegetal e Celulose",3766528
2008,3,"Indústria Siderúrgica, Cimento e Construção Civil",4396523
2008,3,Minério de Ferro,26140288
2008,3,"Combustíveis, Derivados do Petróleo e Álcool",851693
2008,4,"Setor Agrícola, Extração Vegetal e Celulose",3714200
2008,4,Minério de Ferro,25284216
2008,4,"Combustíveis, Derivados do Petróleo e Álcool",822536
2008,4,"Indústria Siderúrgica, Cimento e Construção Civil",4311976
2008,4,Outras Mercadorias,275794
2008,5,"Indústria Siderúrgica, Cimento e Construção Civil",4615719
2008,5,"Combustíveis, Derivados do Petróleo e Álcool",830220
2008,5,Outras Mercadorias,323364
2008,5,"Setor Agrícola, Extração Vegetal e Celulose",4108406
2008,5,Minério de Ferro,28504268
2008,6,Outras Mercadorias,335091
2008,6,"Combustíveis, Derivados do Petróleo e Álcool",844597
2008,6,Minério de Ferro,27828472
2008,6,"Indústria Siderúrgica, Cimento e Construção Civil",4798465
2008,6,"Setor Agrícola, Extração Vegetal e Celulose",3981172
2008,7,Minério de Ferro,28835870
2008,7,"Combustíveis, Derivados do Petróleo e Álcool",911665
2008,7,Outras Mercadorias,301372
2008,7,"Setor Agrícola, Extração Vegetal e Celulose",4091513
2008,7,"Indústria Siderúrgica, Cimento e Construção Civil",4914317
2008,8,Minério de Ferro,29494909
2008,8,"Combustíveis, Derivados do Petróleo e Álcool",920267
2008,8,"Indústria Siderúrgica, Cimento e Construção Civil",4982020
2008,8,"Setor Agrícola, Extração Vegetal e Celulose",3850031
2008,8,Outras Mercadorias,310594
2008,9,"Setor Agrícola, Extração Vegetal e Celulose",3590395
2008,9,Minério de Ferro,28871988
2008,9,Outras Mercadorias,331411
2008,9,"Indústria Siderúrgica, Cimento e Construção Civil",5086588
2008,9,"Combustíveis, Derivados do Petróleo e Álcool",924306
2008,10,"Setor Agrícola, Extração Vegetal e Celulose",3683323
2008,10,"Indústria Siderúrgica, Cimento e Construção Civil",4852949
2008,10,Outras Mercadorias,362756
2008,10,Minério de Ferro,28980145
2008,10,"Combustíveis, Derivados do Petróleo e Álcool",950165
2008,11,Minério de Ferro,20880029
2008,11,"Indústria Siderúrgica, Cimento e Construção Civil",3969475
2008,11,"Setor Agrícola, Extração Vegetal e Celulose",3350159
2008,11,"Combustíveis, Derivados do Petróleo e Álcool",834830
2008,11,Outras Mercadorias,291372
2008,12,Outras Mercadorias,236489
2008,12,"Indústria Siderúrgica, Cimento e Construção Civil",3585929
2008,12,Minério de Ferro,19453335
2008,12,"Setor Agrícola, Extração Vegetal e Celulose",3239697
2008,12,"Combustíveis, Derivados do Petróleo e Álcool",824411
2009,1,Minério de Ferro,19849712
2009,1,"Indústria Siderúrgica, Cimento e Construção Civil",3320621
2009,1,Outras Mercadorias,201161
2009,1,"Combustíveis, Derivados do Petróleo e Álcool",778411
2009,1,"Setor Agrícola, Extração Vegetal e Celulose",2751391
2009,2,"Combustíveis, Derivados do Petróleo e Álcool",743160
2009,2,Outras Mercadorias,421050
2009,2,Minério de Ferro,17601309
2009,2,"Setor Agrícola, Extração Vegetal e Celulose",2750893
2009,2,"Indústria Siderúrgica, Cimento e Construção Civil",3225250
2009,3,Outras Mercadorias,386857
2009,3,"Setor Agrícola, Extração Vegetal e Celulose",3736668
2009,3,"Combustíveis, Derivados do Petróleo e Álcool",930434
2009,3,"Indústria Siderúrgica, Cimento e Construção Civil",3471378
2009,3,Minério de Ferro,21199841
2009,4,"Setor Agrícola, Extração Vegetal e Celulose",4268429
2009,4,"Indústria Siderúrgica, Cimento e Construção Civil",2956799
2009,4,Minério de Ferro,21019734
2009,4,"Combustíveis, Derivados do Petróleo e Álcool",878977
2009,4,Outras Mercadorias,344448
2009,5,Minério de Ferro,20395012
2009,5,"Indústria Siderúrgica, Cimento e Construção Civil",3184657
2009,5,"Setor Agrícola, Extração Vegetal e Celulose",4495758
2009,5,"Combustíveis, Derivados do Petróleo e Álcool",880766
2009,5,Outras Mercadorias,242220
2009,6,Outras Mercadorias,531886
2009,6,"Setor Agrícola, Extração Vegetal e Celulose",4342812
2009,6,Minério de Ferro,23159062
2009,6,"Indústria Siderúrgica, Cimento e Construção Civil",3280677
2009,6,"Combustíveis, Derivados do Petróleo e Álcool",902281
2009,7,"Indústria Siderúrgica, Cimento e Construção Civil",3755293
2009,7,Outras Mercadorias,718397
2009,7,"Combustíveis, Derivados do Petróleo e Álcool",949274
2009,7,Minério de Ferro,24695252
2009,7,"Setor Agrícola, Extração Vegetal e Celulose",4490484
2009,8,Outras Mercadorias,372328
2009,8,"Setor Agrícola, Extração Vegetal e Celulose",3966328
2009,8,"Combustíveis, Derivados do Petróleo e Álcool",934292
2009,8,"Indústria Siderúrgica, Cimento e Construção Civil",4040581
2009,8,Minério de Ferro,26192327
2009,9,"Combustíveis, Derivados do Petróleo e Álcool",889704
2009,9,"Indústria Siderúrgica, Cimento e Construção Civil",4093649
2009,9,"Setor Agrícola, Extração Vegetal e Celulose",3580427
2009,9,Outras Mercadorias,387464
2009,9,Minério de Ferro,27285716
2009,10,"Setor Agrícola, Extração Vegetal e Celulose",3307933
2009,10,"Indústria Siderúrgica, Cimento e Construção Civil",4257530
2009,10,"Combustíveis, Derivados do Petróleo e Álcool",965892
2009,10,Outras Mercadorias,271108
2009,10,Minério de Ferro,24747862
2009,11,Outras Mercadorias,249057
2009,11,"Setor Agrícola, Extração Vegetal e Celulose",2894477
2009,11,Minério de Ferro,25102771
2009,11,"Combustíveis, Derivados do Petróleo e Álcool",869513
2009,11,"Indústria Siderúrgica, Cimento e Construção Civil",3891243
2009,12,Outras Mercadorias,264951
2009,12,"Indústria Siderúrgica, Cimento e Construção Civil",3854221
2009,12,"Combustíveis, Derivados do Petróleo e Álcool",851353
2009,12,"Setor Agrícola, Extração Vegetal e Celulose",2608084
2009,12,Minério de Ferro,26702151
2010,1,"Setor Agrícola, Extração Vegetal e Celulose",2611059
2010,1,Minério de Ferro,24310285
2010,1,"Combustíveis, Derivados do Petróleo e Álcool",804206
2010,1,Outras Mercadorias,225156
2010,1,"Indústria Siderúrgica, Cimento e Construção Civil",3896642
2010,2,Outras Mercadorias,229586
2010,2,"Setor Agrícola, Extração Vegetal e Celulose",3053446
2010,2,Minério de Ferro,23336433
2010,2,"Indústria Siderúrgica, Cimento e Construção Civil",3727015
2010,2,"Combustíveis, Derivados do Petróleo e Álcool",740299
2010,3,Minério de Ferro,24077072
2010,3,"Indústria Siderúrgica, Cimento e Construção Civil",4142664
2010,3,"Combustíveis, Derivados do Petróleo e Álcool",857834
2010,3,"Setor Agrícola, Extração Vegetal e Celulose",3971841
2010,3,Outras Mercadorias,244577
2010,4,Outras Mercadorias,207352
2010,4,"Combustíveis, Derivados do Petróleo e Álcool",758577
2010,4,"Setor Agrícola, Extração Vegetal e Celulose",4153497
2010,4,"Indústria Siderúrgica, Cimento e Construção Civil",4132292
2010,4,Minério de Ferro,24605940
2010,5,Minério de Ferro,27016282
2010,5,Outras Mercadorias,236526
2010,5,"Combustíveis, Derivados do Petróleo e Álcool",826917
2010,5,"Indústria Siderúrgica, Cimento e Construção Civil",4275409
2010,5,"Setor Agrícola, Extração Vegetal e Celulose",4457176
2010,6,"Combustíveis, Derivados do Petróleo e Álcool",819622
2010,6,Outras Mercadorias,195180
2010,6,"Setor Agrícola, Extração Vegetal e Celulose",4248168
2010,6,"Indústria Siderúrgica, Cimento e Construção Civil",4285066
2010,6,Minério de Ferro,27064441
2010,7,"Setor Agrícola, Extração Vegetal e Celulose",4694054
2010,7,"Indústria Siderúrgica, Cimento e Construção Civil",4497856
2010,7,Outras Mercadorias,235663
2010,7,"Combustíveis, Derivados do Petróleo e Álcool",866410
2010,7,Minério de Ferro,28866274
2010,8,Outras Mercadorias,248885
2010,8,"Combustíveis, Derivados do Petróleo e Álcool",834008
2010,8,Minério de Ferro,28857443
2010,8,"Indústria Siderúrgica, Cimento e Construção Civil",4351770
2010,8,"Setor Agrícola, Extração Vegetal e Celulose",4553934
2010,9,Outras Mercadorias,247414
2010,9,Minério de Ferro,29468042
2010,9,"Combustíveis, Derivados do Petróleo e Álcool",802186
2010,9,"Indústria Siderúrgica, Cimento e Construção Civil",4363091
2010,9,"Setor Agrícola, Extração Vegetal e Celulose",4352657
2010,10,"Combustíveis, Derivados do Petróleo e Álcool",843184
2010,10,"Indústria Siderúrgica, Cimento e Construção Civil",4325875
2010,10,Minério de Ferro,30560786
2010,10,Outras Mercadorias,242038
2010,10,"Setor Agrícola, Extração Vegetal e Celulose",4279038
2010,11,"Indústria Siderúrgica, Cimento e Construção Civil",4137674
2010,11,Minério de Ferro,28033751
2010,11,"Setor Agrícola, Extração Vegetal e Celulose",3922906
2010,11,"Combustíveis, Derivados do Petróleo e Álcool",887678
2010,11,Outras Mercadorias,242830
2010,12,"Indústria Siderúrgica, Cimento e Construção Civil",4051710
2010,12,"Setor Agrícola, Extração Vegetal e Celulose",3288029
2010,12,"Combustíveis, Derivados do Petróleo e Álcool",845440
2010,12,Outras Mercadorias,222450
2010,12,Minério de Ferro,28614736
2011,1,"Combustíveis, Derivados do Petróleo e Álcool",706568
2011,1,Minério de Ferro,26843633
2011,1,"Setor Agrícola, Extração Vegetal e Celulose",2713847
2011,1,"Indústria Siderúrgica, Cimento e Construção Civil",3837472
2011,1,Outras Mercadorias,207065
2011,2,Minério de Ferro,24093786
2011,2,"Combustíveis, Derivados do Petróleo e Álcool",753545
2011,2,"Setor Agrícola, Extração Vegetal e Celulose",2968634
2011,2,Outras Mercadorias,218950
2011,2,"Indústria Siderúrgica, Cimento e Construção Civil",3823937
2011,3,Minério de Ferro,25818782
2011,3,Outras Mercadorias,207053
2011,3,"Setor Agrícola, Extração Vegetal e Celulose",3905590
2011,3,"Combustíveis, Derivados do Petróleo e Álcool",815497
2011,3,"Indústria Siderúrgica, Cimento e Construção Civil",3996004
2011,4,"Setor Agrícola, Extração Vegetal e Celulose",4161598
2011,4,"Combustíveis, Derivados do Petróleo e Álcool",797170
2011,4,Outras Mercadorias,221935
2011,4,Minério de Ferro,26953907
2011,4,"Indústria Siderúrgica, Cimento e Construção Civil",3989648
2011,5,Minério de Ferro,28589401
2011,5,"Setor Agrícola, Extração Vegetal e Celulose",4441115
2011,5,"Combustíveis, Derivados do Petróleo e Álcool",855130
2011,5,"Indústria Siderúrgica, Cimento e Construção Civil",4189858
2011,5,Outras Mercadorias,211782
2011,6,"Combustíveis, Derivados do Petróleo e Álcool",834369
2011,6,Minério de Ferro,28141827
2011,6,Outras Mercadorias,205255
2011,6,"Setor Agrícola, Extração Vegetal e Celulose",4878392
2011,6,"Indústria Siderúrgica, Cimento e Construção Civil",4020277
2011,7,"Setor Agrícola, Extração Vegetal e Celulose",4523267
2011,7,Minério de Ferro,31581477
2011,7,Outras Mercadorias,226852
2011,7,"Combustíveis, Derivados do Petróleo e Álcool",845136
2011,7,"Indústria Siderúrgica, Cimento e Construção Civil",3575478
2011,8,"Setor Agrícola, Extração Vegetal e Celulose",5270318
2011,8,Outras Mercadorias,224737
2011,8,Minério de Ferro,31349003
2011,8,"Indústria Siderúrgica, Cimento e Construção Civil",3880459
2011,8,"Combustíveis, Derivados do Petróleo e Álcool",858252
2011,9,"Indústria Siderúrgica, Cimento e Construção Civil",4231386
2011,9,Outras Mercadorias,213411
2011,9,"Setor Agrícola, Extração Vegetal e Celulose",5033137
2011,9,"Combustíveis, Derivados do Petróleo e Álcool",857640
2011,9,Minério de Ferro,30172446
2011,10,Outras Mercadorias,231005
2011,10,"Setor Agrícola, Extração Vegetal e Celulose",4793524
2011,10,"Indústria Siderúrgica, Cimento e Construção Civil",4383286
2011,10,Minério de Ferro,31710027
2011,10,"Combustíveis, Derivados do Petróleo e Álcool",912725
2011,11,Minério de Ferro,29311390
2011,11,Outras Mercadorias,260478
2011,11,"Setor Agrícola, Extração Vegetal e Celulose",4320892
2011,11,"Indústria Siderúrgica, Cimento e Construção Civil",3823538
2011,11,"Combustíveis, Derivados do Petróleo e Álcool",861015
2011,12,Minério de Ferro,28614122
2011,12,"Setor Agrícola, Extração Vegetal e Celulose",3356416
2011,12,Outras Mercadorias,194077
2011,12,"Indústria Siderúrgica, Cimento e Construção Civil",4481496
2011,12,"Combustíveis, Derivados do Petróleo e Álcool",881195
2012,1,"Indústria Siderúrgica, Cimento e Construção Civil",3478647
2012,1,Outras Mercadorias,197160
2012,1,"Setor Agrícola, Extração Vegetal e Celulose",2547472
2012,1,Minério de Ferro,24251012
2012,1,"Combustíveis, Derivados do Petróleo e Álcool",794607
2012,2,"Setor Agrícola, Extração Vegetal e Celulose",3668021
2012,2,Outras Mercadorias,203435
2012,2,Minério de Ferro,26474691
2012,2,"Combustíveis, Derivados do Petróleo e Álcool",758990
2012,2,"Indústria Siderúrgica, Cimento e Construção Civil",3516154
2012,3,"Setor Agrícola, Extração Vegetal e Celulose",4185928
2012,3,"Indústria Siderúrgica, Cimento e Construção Civil",3730453
2012,3,Outras Mercadorias,234776
2012,3,"Combustíveis, Derivados do Petróleo e Álcool",808640
2012,3,Minério de Ferro,26583586
2012,4,"Setor Agrícola, Extração Vegetal e Celulose",4317815
2012,4,Outras Mercadorias,201893
2012,4,"Combustíveis, Derivados do Petróleo e Álcool",794068
2012,4,"Indústria Siderúrgica, Cimento e Construção Civil",3856775
2012,4,Minério de Ferro,28251518
2012,5,Outras Mercadorias,237123
2012,5,Minério de Ferro,29009260
2012,5,"Indústria Siderúrgica, Cimento e Construção Civil",3972206
2012,5,"Setor Agrícola, Extração Vegetal e Celulose",4751161
2012,5,"Combustíveis, Derivados do Petróleo e Álcool",867451
2012,6,Minério de Ferro,29163553
2012,6,Outras Mercadorias,229827
2012,6,"Combustíveis, Derivados do Petróleo e Álcool",835035
2012,6,"Setor Agrícola, Extração Vegetal e Celulose",4398862
2012,6,"Indústria Siderúrgica, Cimento e Construção Civil",3828819
2012,7,"Indústria Siderúrgica, Cimento e Construção Civil",3985207
2012,7,Outras Mercadorias,239490
2012,7,"Setor Agrícola, Extração Vegetal e Celulose",4989236
2012,7,Minério de Ferro,29697405
2012,7,"Combustíveis, Derivados do Petróleo e Álcool",894687
2012,8,Minério de Ferro,30930417
2012,8,"Setor Agrícola, Extração Vegetal e Celulose",5170663
2012,8,"Indústria Siderúrgica, Cimento e Construção Civil",3922406
2012,8,Outras Mercadorias,221223
2012,8,"Combustíveis, Derivados do Petróleo e Álcool",888861
2012,9,Minério de Ferro,29086823
2012,9,"Indústria Siderúrgica, Cimento e Construção Civil",3860322
2012,9,Outras Mercadorias,218711
2012,9,"Combustíveis, Derivados do Petróleo e Álcool",860314
2012,9,"Setor Agrícola, Extração Vegetal e Celulose",4857170
2012,10,"Setor Agrícola, Extração Vegetal e Celulose",4900530
2012,10,"Combustíveis, Derivados do Petróleo e Álcool",879103
2012,10,"Indústria Siderúrgica, Cimento e Construção Civil",4037431
2012,10,Outras Mercadorias,235642
2012,10,Minério de Ferro,31121788
2012,11,"Combustíveis, Derivados do Petróleo e Álcool",878067
2012,11,Outras Mercadorias,214121
2012,11,"Setor Agrícola, Extração Vegetal e Celulose",4512913
2012,11,Minério de Ferro,27682388
2012,11,"Indústria Siderúrgica, Cimento e Construção Civil",3648546
2012,12,Minério de Ferro,30448866
2012,12,"Indústria Siderúrgica, Cimento e Construção Civil",3543536
2012,12,"Setor Agrícola, Extração Vegetal e Celulose",4146914
2012,12,Outras Mercadorias,196849
2012,12,"Combustíveis, Derivados do Petróleo e Álcool",781029
2013,1,Outras Mercadorias,233711
2013,1,"Combustíveis, Derivados do Petróleo e Álcool",809367
2013,1,"Indústria Siderúrgica, Cimento e Construção Civil",3161332
2013,1,"Setor Agrícola, Extração Vegetal e Celulose",3583181
2013,1,Minério de Ferro,25837836
2013,2,Outras Mercadorias,208675
2013,2,Minério de Ferro,23338529
2013,2,"Indústria Siderúrgica, Cimento e Construção Civil",3157285
2013,2,"Setor Agrícola, Extração Vegetal e Celulose",3482452
2013,2,"Combustíveis, Derivados do Petróleo e Álcool",722853
2013,3,Minério de Ferro,25983421
2013,3,"Setor Agrícola, Extração Vegetal e Celulose",4429090
2013,3,"Indústria Siderúrgica, Cimento e Construção Civil",3622531
2013,3,Outras Mercadorias,260629
2013,3,"Combustíveis, Derivados do Petróleo e Álcool",809042
2013,4,Minério de Ferro,25676411
2013,4,"Combustíveis, Derivados do Petróleo e Álcool",773525
2013,4,"Indústria Siderúrgica, Cimento e Construção Civil",3509143
2013,4,Outras Mercadorias,253768
2013,4,"Setor Agrícola, Extração Vegetal e Celulose",4536564
2013,5,"Indústria Siderúrgica, Cimento e Construção Civil",3551899
2013,5,Outras Mercadorias,273310
2013,5,"Combustíveis, Derivados do Petróleo e Álcool",821880
2013,5,"Setor Agrícola, Extração Vegetal e Celulose",4902223
2013,5,Minério de Ferro,27635876
2013,6,"Combustíveis, Derivados do Petróleo e Álcool",796522
2013,6,"Indústria Siderúrgica, Cimento e Construção Civil",3530149
2013,6,"Setor Agrícola, Extração Vegetal e Celulose",4663955
2013,6,Outras Mercadorias,253983
2013,6,Minério de Ferro,28745314
2013,7,Minério de Ferro,29540206
2013,7,Outras Mercadorias,268056
2013,7,"Combustíveis, Derivados do Petróleo e Álcool",836461
2013,7,"Setor Agrícola, Extração Vegetal e Celulose",4694620
2013,7,"Indústria Siderúrgica, Cimento e Construção Civil",3783145
2013,8,"Indústria Siderúrgica, Cimento e Construção Civil",3868692
2013,8,Outras Mercadorias,294243
2013,8,Minério de Ferro,31831139
2013,8,"Combustíveis, Derivados do Petróleo e Álcool",860904
2013,8,"Setor Agrícola, Extração Vegetal e Celulose",5290994
2013,9,"Combustíveis, Derivados do Petróleo e Álcool",816010
2013,9,Outras Mercadorias,263584
2013,9,Minério de Ferro,32230092
2013,9,"Setor Agrícola, Extração Vegetal e Celulose",4833343
2013,9,"Indústria Siderúrgica, Cimento e Construção Civil",3746065
2013,10,"Indústria Siderúrgica, Cimento e Construção Civil",4062991
2013,10,Minério de Ferro,31402567
2013,10,Outras Mercadorias,282657
2013,10,"Combustíveis, Derivados do Petróleo e Álcool",867413
2013,10,"Setor Agrícola, Extração Vegetal e Celulose",4819196
2013,11,Minério de Ferro,31157979
2013,11,Outras Mercadorias,257037
2013,11,"Indústria Siderúrgica, Cimento e Construção Civil",3621303
2013,11,"Setor Agrícola, Extração Vegetal e Celulose",4328285
2013,11,"Combustíveis, Derivados do Petróleo e Álcool",785775
2013,12,Outras Mercadorias,225818
2013,12,"Setor Agrícola, Extração Vegetal e Celulose",4193316
2013,12,"Combustíveis, Derivados do Petróleo e Álcool",631614
2013,12,"Indústria Siderúrgica, Cimento e Construção Civil",3443662
2013,12,Minério de Ferro,27891009
2014,1,"Setor Agrícola, Extração Vegetal e Celulose",3076913
2014,1,Minério de Ferro,28834620
2014,1,"Indústria Siderúrgica, Cimento e Construção Civil",3256434
2014,1,"Combustíveis, Derivados do Petróleo e Álcool",714743
2014,1,Outras Mercadorias,238215
2014,2,"Setor Agrícola, Extração Vegetal e Celulose",3620417
2014,2,"Indústria Siderúrgica, Cimento e Construção Civil",3003105
2014,2,Minério de Ferro,23976858
2014,2,Outras Mercadorias,248152
2014,2,"Combustíveis, Derivados do Petróleo e Álcool",714354
2014,3,Minério de Ferro,28410537
2014,3,"Indústria Siderúrgica, Cimento e Construção Civil",3163336
2014,3,"Setor Agrícola, Extração Vegetal e Celulose",4819733
2014,3,Outras Mercadorias,276527
2014,3,"Combustíveis, Derivados do Petróleo e Álcool",747761
2014,4,"Indústria Siderúrgica, Cimento e Construção Civil",3221297
2014,4,Minério de Ferro,26244081
2014,4,"Combustíveis, Derivados do Petróleo e Álcool",759870
2014,4,"Setor Agrícola, Extração Vegetal e Celulose",4819051
2014,4,Outras Mercadorias,280247
2014,5,"Indústria Siderúrgica, Cimento e Construção Civil",3575490
2014,5,"Combustíveis, Derivados do Petróleo e Álcool",828087
2014,5,"Setor Agrícola, Extração Vegetal e Celulose",5059017
2014,5,Outras Mercadorias,305233
2014,5,Minério de Ferro,31620339
2014,6,Outras Mercadorias,283485
2014,6,"Setor Agrícola, Extração Vegetal e Celulose",4766223
2014,6,"Indústria Siderúrgica, Cimento e Construção Civil",3341230
2014,6,Minério de Ferro,30058035
2014,6,"Combustíveis, Derivados do Petróleo e Álcool",795390
2014,7,Minério de Ferro,30216448
2014,7,"Setor Agrícola, Extração Vegetal e Celulose",5287546
2014,7,"Indústria Siderúrgica, Cimento e Construção Civil",3354285
2014,7,"Combustíveis, Derivados do Petróleo e Álcool",843567
2014,7,Outras Mercadorias,322042
2014,8,"Combustíveis, Derivados do Petróleo e Álcool",837277
2014,8,"Indústria Siderúrgica, Cimento e Construção Civil",3130911
2014,8,Outras Mercadorias,307568
2014,8,Minério de Ferro,31174095
2014,8,"Setor Agrícola, Extração Vegetal e Celulose",4909216
2014,9,"Setor Agrícola, Extração Vegetal e Celulose",4991017
2014,9,"Indústria Siderúrgica, Cimento e Construção Civil",3598757
2014,9,Minério de Ferro,28698100
2014,9,Outras Mercadorias,319539
2014,9,"Combustíveis, Derivados do Petróleo e Álcool",873865
2014,10,Outras Mercadorias,350872
2014,10,"Combustíveis, Derivados do Petróleo e Álcool",857770
2014,10,Minério de Ferro,33042615
2014,10,"Indústria Siderúrgica, Cimento e Construção Civil",3664285
2014,10,"Setor Agrícola, Extração Vegetal e Celulose",5055956
2014,11,Minério de Ferro,30927958
2014,11,"Indústria Siderúrgica, Cimento e Construção Civil",3377229
2014,11,"Combustíveis, Derivados do Petróleo e Álcool",828894
2014,11,"Setor Agrícola, Extração Vegetal e Celulose",4908361
2014,11,Outras Mercadorias,320842
2014,12,Minério de Ferro,33430790
2014,12,"Setor Agrícola, Extração Vegetal e Celulose",4676787
2014,12,Outras Mercadorias,310379
2014,12,"Combustíveis, Derivados do Petróleo e Álcool",770958
2014,12,"Indústria Siderúrgica, Cimento e Construção Civil",3434178
2015,1,"Combustíveis, Derivados do Petróleo e Álcool",731071
2015,1,"Setor Agrícola, Extração Vegetal e Celulose",3472179
2015,1,Outras Mercadorias,291354
2015,1,"Indústria Siderúrgica, Cimento e Construção Civil",3307019
2015,1,Minério de Ferro,30677209
2015,2,Outras Mercadorias,312027
2015,2,"Setor Agrícola, Extração Vegetal e Celulose",3678997
2015,2,"Combustíveis, Derivados do Petróleo e Álcool",684120
2015,2,Minério de Ferro,26013619
2015,2,"Indústria Siderúrgica, Cimento e Construção Civil",3221752
2015,3,"Setor Agrícola, Extração Vegetal e Celulose",5129050
2015,3,Outras Mercadorias,330278
2015,3,"Indústria Siderúrgica, Cimento e Construção Civil",3339777
2015,3,"Combustíveis, Derivados do Petróleo e Álcool",782819
2015,3,Minério de Ferro,29251224
2015,4,"Setor Agrícola, Extração Vegetal e Celulose",4828940
2015,4,Minério de Ferro,29852087
2015,4,Outras Mercadorias,316532
2015,4,"Indústria Siderúrgica, Cimento e Construção Civil",3052488
2015,4,"Combustíveis, Derivados do Petróleo e Álcool",729607
2015,5,"Setor Agrícola, Extração Vegetal e Celulose",5285545
2015,5,"Indústria Siderúrgica, Cimento e Construção Civil",3466517
2015,5,"Combustíveis, Derivados do Petróleo e Álcool",786785
2015,5,Minério de Ferro,32003713
2015,5,Outras Mercadorias,324837
2015,6,Minério de Ferro,32100849
2015,6,"Indústria Siderúrgica, Cimento e Construção Civil",3558417
2015,6,Outras Mercadorias,326660
2015,6,"Setor Agrícola, Extração Vegetal e Celulose",5350264
2015,6,"Combustíveis, Derivados do Petróleo e Álcool",788424
2015,7,Outras Mercadorias,307227
2015,7,Minério de Ferro,32812382
2015,7,"Setor Agrícola, Extração Vegetal e Celulose",5629933
2015,7,"Combustíveis, Derivados do Petróleo e Álcool",784631
2015,7,"Indústria Siderúrgica, Cimento e Construção Civil",3768936
2015,8,"Combustíveis, Derivados do Petróleo e Álcool",800935
2015,8,Minério de Ferro,31483497
2015,8,"Setor Agrícola, Extração Vegetal e Celulose",5931689
2015,8,"Indústria Siderúrgica, Cimento e Construção Civil",3235891
2015,8,Outras Mercadorias,336806
2015,9,Minério de Ferro,32644965
2015,9,"Indústria Siderúrgica, Cimento e Construção Civil",3193839
2015,9,"Combustíveis, Derivados do Petróleo e Álcool",808467
2015,9,Outras Mercadorias,335551
2015,9,"Setor Agrícola, Extração Vegetal e Celulose",5743637
2015,10,Outras Mercadorias,366315
2015,10,"Combustíveis, Derivados do Petróleo e Álcool",818299
2015,10,"Indústria Siderúrgica, Cimento e Construção Civil",3239946
2015,10,Minério de Ferro,35024653
2015,10,"Setor Agrícola, Extração Vegetal e Celulose",5783745
2015,11,"Combustíveis, Derivados do Petróleo e Álcool",783546
2015,11,Minério de Ferro,31359651
2015,11,"Setor Agrícola, Extração Vegetal e Celulose",5229606
2015,11,Outras Mercadorias,306428
2015,11,"Indústria Siderúrgica, Cimento e Construção Civil",3212141
2015,12,"Indústria Siderúrgica, Cimento e Construção Civil",3268653
2015,12,"Setor Agrícola, Extração Vegetal e Celulose",5183844
2015,12,Outras Mercadorias,314600
2015,12,"Combustíveis, Derivados do Petróleo e Álcool",723521
2015,12,Minério de Ferro,35398614
2016,1,Minério de Ferro,30144304
2016,1,"Indústria Siderúrgica, Cimento e Construção Civil",2955430
2016,1,Outras Mercadorias,263899
2016,1,"Combustíveis, Derivados do Petróleo e Álcool",677907
2016,1,"Setor Agrícola, Extração Vegetal e Celulose",3619980
2016,2,Outras Mercadorias,300845
2016,2,Minério de Ferro,29335263
2016,2,"Combustíveis, Derivados do Petróleo e Álcool",674845
2016,2,"Setor Agrícola, Extração Vegetal e Celulose",4442151
2016,2,"Indústria Siderúrgica, Cimento e Construção Civil",2892366
2016,3,"Setor Agrícola, Extração Vegetal e Celulose",5622937
2016,3,"Indústria Siderúrgica, Cimento e Construção Civil",3089216
2016,3,Outras Mercadorias,351843
2016,3,Minério de Ferro,31825407
2016,3,"Combustíveis, Derivados do Petróleo e Álcool",722241
2016,4,"Combustíveis, Derivados do Petróleo e Álcool",706714
2016,4,"Indústria Siderúrgica, Cimento e Construção Civil",2934252
2016,4,Outras Mercadorias,318343
2016,4,Minério de Ferro,32477555
2016,4,"Setor Agrícola, Extração Vegetal e Celulose",5709354
2016,5,Outras Mercadorias,311219
2016,5,Minério de Ferro,33404126
2016,5,"Setor Agrícola, Extração Vegetal e Celulose",5876133
2016,5,"Combustíveis, Derivados do Petróleo e Álcool",714024
2016,5,"Indústria Siderúrgica, Cimento e Construção Civil",2957259
2016,6,Minério de Ferro,31445406
2016,6,"Setor Agrícola, Extração Vegetal e Celulose",5169284
2016,6,Outras Mercadorias,331796
2016,6,"Combustíveis, Derivados do Petróleo e Álcool",744445
2016,6,"Indústria Siderúrgica, Cimento e Construção Civil",3168857
2016,7,Outras Mercadorias,325252
2016,7,"Indústria Siderúrgica, Cimento e Construção Civil",3236709
2016,7,"Combustíveis, Derivados do Petróleo e Álcool",736615
2016,7,Minério de Ferro,35956022
2016,7,"Setor Agrícola, Extração Vegetal e Celulose",5487418
2016,8,"Setor Agrícola, Extração Vegetal e Celulose",5717238
2016,8,Outras Mercadorias,316101
2016,8,Minério de Ferro,35608631
2016,8,"Indústria Siderúrgica, Cimento e Construção Civil",3158865
2016,8,"Combustíveis, Derivados do Petróleo e Álcool",760951
2016,9,"Setor Agrícola, Extração Vegetal e Celulose",5086691
2016,9,"Combustíveis, Derivados do Petróleo e Álcool",770356
2016,9,"Indústria Siderúrgica, Cimento e Construção Civil",3249356
2016,9,Outras Mercadorias,297902
2016,9,Minério de Ferro,34804308
2016,10,Outras Mercadorias,310296
2016,10,"Indústria Siderúrgica, Cimento e Construção Civil",3244634
2016,10,"Combustíveis, Derivados do Petróleo e Álcool",781259
2016,10,"Setor Agrícola, Extração Vegetal e Celulose",4168645
2016,10,Minério de Ferro,34669953
2016,11,"Combustíveis, Derivados do Petróleo e Álcool",719453
2016,11,Outras Mercadorias,301571
2016,11,"Setor Agrícola, Extração Vegetal e Celulose",3678957
2016,11,Minério de Ferro,33184160
2016,11,"Indústria Siderúrgica, Cimento e Construção Civil",3149034
2016,12,Outras Mercadorias,269101
2016,12,"Indústria Siderúrgica, Cimento e Construção Civil",2998598
2016,12,"Setor Agrícola, Extração Vegetal e Celulose",3547041
2016,12,Minério de Ferro,34783897
2016,12,"Combustíveis, Derivados do Petróleo e Álcool",677780
2017,1,Outras Mercadorias,269775
2017,1,"Combustíveis, Derivados do Petróleo e Álcool",703582
2017,1,"Indústria Siderúrgica, Cimento e Construção Civil",3115151
2017,1,Minério de Ferro,33301134
2017,1,"Setor Agrícola, Extração Vegetal e Celulose",3126258
2017,2,"Combustíveis, Derivados do Petróleo e Álcool",632754
2017,2,Outras Mercadorias,243398
2017,2,"Indústria Siderúrgica, Cimento e Construção Civil",2838564
2017,2,Minério de Ferro,30766158
2017,2,"Setor Agrícola, Extração Vegetal e Celulose",4671970
2017,3,"Indústria Siderúrgica, Cimento e Construção Civil",3053414
2017,3,Outras Mercadorias,319251
2017,3,Minério de Ferro,33881395
2017,3,"Setor Agrícola, Extração Vegetal e Celulose",6261633
2017,3,"Combustíveis, Derivados do Petróleo e Álcool",724243
2017,4,Minério de Ferro,31410637
2017,4,"Indústria Siderúrgica, Cimento e Construção Civil",2840024
2017,4,"Setor Agrícola, Extração Vegetal e Celulose",6103338
2017,4,"Combustíveis, Derivados do Petróleo e Álcool",662904
2017,4,Outras Mercadorias,310510
2017,5,"Indústria Siderúrgica, Cimento e Construção Civil",3156043
2017,5,Outras Mercadorias,342962
2017,5,"Setor Agrícola, Extração Vegetal e Celulose",6835944
2017,5,"Combustíveis, Derivados do Petróleo e Álcool",733299
2017,5,Minério de Ferro,35433388
2017,6,Outras Mercadorias,330314
2017,6,"Indústria Siderúrgica, Cimento e Construção Civil",3215174
2017,6,"Combustíveis, Derivados do Petróleo e Álcool",769755
2017,6,Minério de Ferro,35621688
2017,6,"Setor Agrícola, Extração Vegetal e Celulose",6698953
2017,7,"Combustíveis, Derivados do Petróleo e Álcool",801864
2017,7,Outras Mercadorias,344505
2017,7,"Indústria Siderúrgica, Cimento e Construção Civil",3217465
2017,7,Minério de Ferro,35299224
2017,7,"Setor Agrícola, Extração Vegetal e Celulose",7161506
2017,8,"Combustíveis, Derivados do Petróleo e Álcool",818632
2017,8,"Indústria Siderúrgica, Cimento e Construção Civil",3261695
2017,8,Minério de Ferro,35002893
2017,8,Outras Mercadorias,359531
2017,8,"Setor Agrícola, Extração Vegetal e Celulose",7068019
2017,9,"Indústria Siderúrgica, Cimento e Construção Civil",3366878
2017,9,Minério de Ferro,36215491
2017,9,Outras Mercadorias,318100
2017,9,"Setor Agrícola, Extração Vegetal e Celulose",7110958
2017,9,"Combustíveis, Derivados do Petróleo e Álcool",786090
2017,10,"Combustíveis, Derivados do Petróleo e Álcool",832273
2017,10,Minério de Ferro,37674361
2017,10,"Setor Agrícola, Extração Vegetal e Celulose",6880050
2017,10,"Indústria Siderúrgica, Cimento e Construção Civil",3435667
2017,10,Outras Mercadorias,326438
2017,11,"Combustíveis, Derivados do Petróleo e Álcool",710306
2017,11,Outras Mercadorias,295471
2017,11,Minério de Ferro,35411478
2017,11,"Indústria Siderúrgica, Cimento e Construção Civil",3208049
2017,11,"Setor Agrícola, Extração Vegetal e Celulose",6010023
2017,12,Minério de Ferro,36349356
2017,12,"Setor Agrícola, Extração Vegetal e Celulose",5287515
2017,12,Outras Mercadorias,281562
2017,12,"Indústria Siderúrgica, Cimento e Construção Civil",3337066
2017,12,"Combustíveis, Derivados do Petróleo e Álcool",691701
2018,1,"Combustíveis, Derivados do Petróleo e Álcool",681273
2018,1,"Indústria Siderúrgica, Cimento e Construção Civil",3179845
2018,1,Minério de Ferro,34329583
2018,1,"Setor Agrícola, Extração Vegetal e Celulose",3775147
2018,1,Outras Mercadorias,252978
2018,2,"Setor Agrícola, Extração Vegetal e Celulose",4905870
2018,2,"Indústria Siderúrgica, Cimento e Construção Civil",2890428
2018,2,"Combustíveis, Derivados do Petróleo e Álcool",679040
2018,2,Outras Mercadorias,345574
2018,2,Minério de Ferro,27979595
2018,3,"Indústria Siderúrgica, Cimento e Construção Civil",3198283
2018,3,"Combustíveis, Derivados do Petróleo e Álcool",729091
2018,3,"Setor Agrícola, Extração Vegetal e Celulose",7025875
2018,3,Minério de Ferro,32516052
2018,3,Outras Mercadorias,357344
2018,4,Minério de Ferro,33234244
2018,4,Outras Mercadorias,352784
2018,4,"Combustíveis, Derivados do Petróleo e Álcool",674571
2018,4,"Setor Agrícola, Extração Vegetal e Celulose",6893110
2018,4,"Indústria Siderúrgica, Cimento e Construção Civil",3001813
2018,5,"Indústria Siderúrgica, Cimento e Construção Civil",3020406
2018,5,"Combustíveis, Derivados do Petróleo e Álcool",680751
2018,5,"Setor Agrícola, Extração Vegetal e Celulose",6403516
2018,5,Outras Mercadorias,314470
2018,5,Minério de Ferro,37831729
2018,6,Outras Mercadorias,349179
2018,6,"Indústria Siderúrgica, Cimento e Construção Civil",3105615
2018,6,"Combustíveis, Derivados do Petróleo e Álcool",768987
2018,6,"Setor Agrícola, Extração Vegetal e Celulose",6889176
2018,6,Minério de Ferro,38349980
2018,7,"Indústria Siderúrgica, Cimento e Construção Civil",3126555
2018,7,"Combustíveis, Derivados do Petróleo e Álcool",761934
2018,7,"Setor Agrícola, Extração Vegetal e Celulose",7388224
2018,7,Outras Mercadorias,399783
2018,7,Minério de Ferro,39320744
2018,8,"Setor Agrícola, Extração Vegetal e Celulose",8033109
2018,8,Outras Mercadorias,398941
2018,8,"Indústria Siderúrgica, Cimento e Construção Civil",3314144
2018,8,"Combustíveis, Derivados do Petróleo e Álcool",788152
2018,8,Minério de Ferro,40805800
2018,9,"Indústria Siderúrgica, Cimento e Construção Civil",3518532
2018,9,"Setor Agrícola, Extração Vegetal e Celulose",8294281
2018,9,Outras Mercadorias,393924
2018,9,"Combustíveis, Derivados do Petróleo e Álcool",796007
2018,9,Minério de Ferro,38387368
2018,10,Minério de Ferro,40167763
2018,10,"Combustíveis, Derivados do Petróleo e Álcool",756590
2018,10,Outras Mercadorias,412317
2018,10,"Setor Agrícola, Extração Vegetal e Celulose",6572865
2018,10,"Indústria Siderúrgica, Cimento e Construção Civil",3479309
2018,11,"Combustíveis, Derivados do Petróleo e Álcool",733675
2018,11,Outras Mercadorias,406225
2018,11,Minério de Ferro,38123060
2018,11,"Indústria Siderúrgica, Cimento e Construção Civil",3149067
2018,11,"Setor Agrícola, Extração Vegetal e Celulose",6646049
2018,12,"Setor Agrícola, Extração Vegetal e Celulose",6112802
2018,12,"Indústria Siderúrgica, Cimento e Construção Civil",3176916
2018,12,Minério de Ferro,40330508
2018,12,Outras Mercadorias,386453
2018,12,"Combustíveis, Derivados do Petróleo e Álcool",723665
2019,1,Minério de Ferro,35467730
2019,1,"Setor Agrícola, Extração Vegetal e Celulose",4460844
2019,1,"Combustíveis, Derivados do Petróleo e Álcool",703678
2019,1,"Indústria Siderúrgica, Cimento e Construção Civil",3130228
2019,1,Outras Mercadorias,377966
2019,2,"Combustíveis, Derivados do Petróleo e Álcool",750629
2019,2,Minério de Ferro,28441357
2019,2,Outras Mercadorias,413311
2019,2,"Setor Agrícola, Extração Vegetal e Celulose",6718457
2019,2,"Indústria Siderúrgica, Cimento e Construção Civil",3410605
2019,3,Minério de Ferro,24023027
2019,3,Outras Mercadorias,438237
2019,3,"Combustíveis, Derivados do Petróleo e Álcool",716997
2019,3,"Indústria Siderúrgica, Cimento e Construção Civil",3005753
2019,3,"Setor Agrícola, Extração Vegetal e Celulose",7082014
2019,4,"Setor Agrícola, Extração Vegetal e Celulose",6326290
2019,4,"Combustíveis, Derivados do Petróleo e Álcool",706792
2019,4,"Indústria Siderúrgica, Cimento e Construção Civil",2997372
2019,4,Minério de Ferro,20717292
2019,4,Outras Mercadorias,418142
2019,5,"Indústria Siderúrgica, Cimento e Construção Civil",3240812
2019,5,"Setor Agrícola, Extração Vegetal e Celulose",6607846
2019,5,"Combustíveis, Derivados do Petróleo e Álcool",711770
2019,5,Outras Mercadorias,453772
2019,5,Minério de Ferro,30105526
2019,6,"Combustíveis, Derivados do Petróleo e Álcool",705854
2019,6,Outras Mercadorias,398456
2019,6,Minério de Ferro,32262915
2019,6,"Setor Agrícola, Extração Vegetal e Celulose",7210818
2019,6,"Indústria Siderúrgica, Cimento e Construção Civil",3097096
2019,7,"Indústria Siderúrgica, Cimento e Construção Civil",3224101
2019,7,Outras Mercadorias,441031
2019,7,Minério de Ferro,33213068
2019,7,"Combustíveis, Derivados do Petróleo e Álcool",744179
2019,7,"Setor Agrícola, Extração Vegetal e Celulose",7545775
2019,8,Outras Mercadorias,465029
2019,8,"Combustíveis, Derivados do Petróleo e Álcool",760845
2019,8,"Indústria Siderúrgica, Cimento e Construção Civil",3163309
2019,8,Minério de Ferro,34880604
2019,8,"Setor Agrícola, Extração Vegetal e Celulose",7768983
2019,9,"Indústria Siderúrgica, Cimento e Construção Civil",3048813
2019,9,"Combustíveis, Derivados do Petróleo e Álcool",717158
2019,9,Outras Mercadorias,452149
2019,9,Minério de Ferro,32921969
2019,9,"Setor Agrícola, Extração Vegetal e Celulose",7158293
2019,10,"Combustíveis, Derivados do Petróleo e Álcool",737643
2019,10,Minério de Ferro,32529394
2019,10,Outras Mercadorias,464394
2019,10,"Indústria Siderúrgica, Cimento e Construção Civil",3055255
2019,10,"Setor Agrícola, Extração Vegetal e Celulose",7307316
2019,11,"Indústria Siderúrgica, Cimento e Construção Civil",3071904
2019,11,"Combustíveis, Derivados do Petróleo e Álcool",672880
2019,11,Minério de Ferro,30089797
2019,11,"Setor Agrícola, Extração Vegetal e Celulose",6832256
2019,11,Outras Mercadorias,455463
2019,12,Minério de Ferro,28062664
2019,12,"Setor Agrícola, Extração Vegetal e Celulose",5075173
2019,12,"Indústria Siderúrgica, Cimento e Construção Civil",3240294
2019,12,"Combustíveis, Derivados do Petróleo e Álcool",652895
2019,12,Outras Mercadorias,434438
2020,1,"Setor Agrícola, Extração Vegetal e Celulose",3666461
2020,1,Outras Mercadorias,430071
2020,1,Minério de Ferro,24295094
2020,1,"Combustíveis, Derivados do Petróleo e Álcool",665021
2020,1,"Indústria Siderúrgica, Cimento e Construção Civil",2916313
2020,2,"Combustíveis, Derivados do Petróleo e Álcool",650286
2020,2,"Setor Agrícola, Extração Vegetal e Celulose",5813341
2020,2,"Indústria Siderúrgica, Cimento e Construção Civil",2781072
2020,2,Minério de Ferro,24433605
2020,2,Outras Mercadorias,416184
2020,3,Outras Mercadorias,425795
2020,3,Minério de Ferro,21506529
2020,3,"Indústria Siderúrgica, Cimento e Construção Civil",2939011
2020,3,"Combustíveis, Derivados do Petróleo e Álcool",530592
2020,3,"Setor Agrícola, Extração Vegetal e Celulose",5773438
2020,4,"Setor Agrícola, Extração Vegetal e Celulose",8014899
2020,4,"Indústria Siderúrgica, Cimento e Construção Civil",2832668
2020,4,Minério de Ferro,25581371
2020,4,Outras Mercadorias,391628
2020,4,"Combustíveis, Derivados do Petróleo e Álcool",523743
2020,5,Outras Mercadorias,369047
2020,5,"Indústria Siderúrgica, Cimento e Construção Civil",2948147
2020,5,Minério de Ferro,26781783
2020,5,"Combustíveis, Derivados do Petróleo e Álcool",636284
2020,5,"Setor Agrícola, Extração Vegetal e Celulose",8337317
2020,6,"Combustíveis, Derivados do Petróleo e Álcool",760449
2020,6,Minério de Ferro,31550665
2020,6,Outras Mercadorias,417673
2020,6,"Setor Agrícola, Extração Vegetal e Celulose",7816674
2020,6,"Indústria Siderúrgica, Cimento e Construção Civil",3063014
2020,7,"Combustíveis, Derivados do Petróleo e Álcool",693387
2020,7,Minério de Ferro,31539248
2020,7,"Setor Agrícola, Extração Vegetal e Celulose",8415737
2020,7,"Indústria Siderúrgica, Cimento e Construção Civil",3012054
2020,7,Outras Mercadorias,464907
2020,8,"Setor Agrícola, Extração Vegetal e Celulose",8240805
2020,8,"Combustíveis, Derivados do Petróleo e Álcool",719900
2020,8,Outras Mercadorias,443756
2020,8,"Indústria Siderúrgica, Cimento e Construção Civil",3231562
2020,8,Minério de Ferro,35841814
2020,9,"Setor Agrícola, Extração Vegetal e Celulose",7982328
2020,9,Outras Mercadorias,462495
2020,9,"Indústria Siderúrgica, Cimento e Construção Civil",3387916
2020,9,"Combustíveis, Derivados do Petróleo e Álcool",751516
2020,9,Minério de Ferro,35661744
2020,10,"Indústria Siderúrgica, Cimento e Construção Civil",3319473
2020,10,"Combustíveis, Derivados do Petróleo e Álcool",800150
2020,10,Outras Mercadorias,447798
2020,10,Minério de Ferro,34502285
2020,10,"Setor Agrícola, Extração Vegetal e Celulose",7625949
2020,11,"Setor Agrícola, Extração Vegetal e Celulose",6649559
2020,11,"Indústria Siderúrgica, Cimento e Construção Civil",3177481
2020,11,Outras Mercadorias,472488
2020,11,"Combustíveis, Derivados do Petróleo e Álcool",762360
2020,11,Minério de Ferro,31262042
2020,12,"Setor Agrícola, Extração Vegetal e Celulose",5484935
2020,12,"Combustíveis, Derivados do Petróleo e Álcool",701152
2020,12,"Indústria Siderúrgica, Cimento e Construção Civil",3142078
2020,12,Minério de Ferro,32708528
2020,12,Outras Mercadorias,445389
2021,1,Outras Mercadorias,418935
2021,1,"Indústria Siderúrgica, Cimento e Construção Civil",3015110
2021,1,"Setor Agrícola, Extração Vegetal e Celulose",3053087
2021,1,"Combustíveis, Derivados do Petróleo e Álcool",694033
2021,1,Minério de Ferro,30782515
2021,2,Outras Mercadorias,418523
2021,2,"Setor Agrícola, Extração Vegetal e Celulose",5622029
2021,2,"Combustíveis, Derivados do Petróleo e Álcool",670401
2021,2,"Indústria Siderúrgica, Cimento e Construção Civil",2814943
2021,2,Minério de Ferro,25497482
2021,3,"Indústria Siderúrgica, Cimento e Construção Civil",3233502
2021,3,Minério de Ferro,26982106
2021,3,"Combustíveis, Derivados do Petróleo e Álcool",714131
2021,3,Outras Mercadorias,436913
2021,3,"Setor Agrícola, Extração Vegetal e Celulose",8112315
2021,4,Outras Mercadorias,474667
2021,4,"Setor Agrícola, Extração Vegetal e Celulose",8248814
2021,4,Minério de Ferro,27287482
2021,4,"Combustíveis, Derivados do Petróleo e Álcool",709254
2021,4,"Indústria Siderúrgica, Cimento e Construção Civil",3084095
2021,5,Outras Mercadorias,491847
2021,5,Minério de Ferro,32140810
2021,5,"Setor Agrícola, Extração Vegetal e Celulose",8651804
2021,5,"Combustíveis, Derivados do Petróleo e Álcool",760019
2021,5,"Indústria Siderúrgica, Cimento e Construção Civil",3204412
2021,6,"Setor Agrícola, Extração Vegetal e Celulose",7749813
2021,6,"Combustíveis, Derivados do Petróleo e Álcool",740551
2021,6,Outras Mercadorias,459110
2021,6,"Indústria Siderúrgica, Cimento e Construção Civil",3109014
2021,6,Minério de Ferro,32874406
2021,7,Outras Mercadorias,476644
2021,7,"Setor Agrícola, Extração Vegetal e Celulose",7876097
2021,7,Minério de Ferro,33406601
2021,7,"Combustíveis, Derivados do Petróleo e Álcool",765231
2021,7,"Indústria Siderúrgica, Cimento e Construção Civil",3256944
2021,8,"Combustíveis, Derivados do Petróleo e Álcool",795913
2021,8,Minério de Ferro,36228862
2021,8,Outras Mercadorias,491807
2021,8,"Setor Agrícola, Extração Vegetal e Celulose",7437622
2021,8,"Indústria Siderúrgica, Cimento e Construção Civil",3270999
2021,9,"Combustíveis, Derivados do Petróleo e Álcool",764094
2021,9,Minério de Ferro,35289118
2021,9,"Setor Agrícola, Extração Vegetal e Celulose",6370780
2021,9,"Indústria Siderúrgica, Cimento e Construção Civil",3265178
2021,9,Outras Mercadorias,461148
2021,10,Outras Mercadorias,440220
2021,10,"Indústria Siderúrgica, Cimento e Construção Civil",3140838
2021,10,Minério de Ferro,30965043
2021,10,"Setor Agrícola, Extração Vegetal e Celulose",5968012
2021,10,"Combustíveis, Derivados do Petróleo e Álcool",766203
2021,11,Minério de Ferro,30973197
2021,11,Outras Mercadorias,460788
2021,11,"Combustíveis, Derivados do Petróleo e Álcool",718508
2021,11,"Indústria Siderúrgica, Cimento e Construção Civil",3126683
2021,11,"Setor Agrícola, Extração Vegetal e Celulose",6151659
2021,12,"Setor Agrícola, Extração Vegetal e Celulose",6113607
2021,12,Outras Mercadorias,459323
2021,12,"Indústria Siderúrgica, Cimento e Construção Civil",3011171
2021,12,Minério de Ferro,31168340
2021,12,"Combustíveis, Derivados do Petróleo e Álcool",723653
2022,1,Minério de Ferro,25965096
2022,1,Outras Mercadorias,415634
2022,1,"Setor Agrícola, Extração Vegetal e Celulose",4781552
2022,1,"Combustíveis, Derivados do Petróleo e Álcool",706760
2022,1,"Indústria Siderúrgica, Cimento e Construção Civil",2617569
2022,2,Minério de Ferro,23924278
2022,2,Outras Mercadorias,450196
2022,2,"Combustíveis, Derivados do Petróleo e Álcool",700074
2022,2,"Indústria Siderúrgica, Cimento e Construção Civil",2581211
2022,2,"Setor Agrícola, Extração Vegetal e Celulose",6971931
2022,3,"Combustíveis, Derivados do Petróleo e Álcool",736317
2022,3,"Indústria Siderúrgica, Cimento e Construção Civil",3117799
2022,3,Minério de Ferro,26065831
2022,3,Outras Mercadorias,526995
2022,3,"Setor Agrícola, Extração Vegetal e Celulose",8245562
2022,4,Outras Mercadorias,467684
2022,4,"Combustíveis, Derivados do Petróleo e Álcool",704571
2022,4,"Setor Agrícola, Extração Vegetal e Celulose",7609171
2022,4,Minério de Ferro,26747401
2022,4,"Indústria Siderúrgica, Cimento e Construção Civil",2845510
2022,5,"Combustíveis, Derivados do Petróleo e Álcool",780763
2022,5,Minério de Ferro,29154209
2022,5,Outras Mercadorias,503799
2022,5,"Setor Agrícola, Extração Vegetal e Celulose",8023815
2022,5,"Indústria Siderúrgica, Cimento e Construção Civil",3045777
2022,6,Minério de Ferro,32104457
2022,6,"Indústria Siderúrgica, Cimento e Construção Civil",3125987
2022,6,Outras Mercadorias,472656
2022,6,"Setor Agrícola, Extração Vegetal e Celulose",7921303
2022,6,"Combustíveis, Derivados do Petróleo e Álcool",748967
2022,7,"Combustíveis, Derivados do Petróleo e Álcool",817944
2022,7,"Indústria Siderúrgica, Cimento e Construção Civil",3143704
2022,7,"Setor Agrícola, Extração Vegetal e Celulose",8874963
2022,7,Minério de Ferro,33626941
2022,7,Outras Mercadorias,492729
2022,8,Outras Mercadorias,510604
2022,8,"Combustíveis, Derivados do Petróleo e Álcool",820445
2022,8,Minério de Ferro,34248696
2022,8,"Setor Agrícola, Extração Vegetal e Celulose",8818347
2022,8,"Indústria Siderúrgica, Cimento e Construção Civil",3244781
2022,9,Minério de Ferro,33006734
2022,9,"Indústria Siderúrgica, Cimento e Construção Civil",2919469
2022,9,Outras Mercadorias,522419
2022,9,"Combustíveis, Derivados do Petróleo e Álcool",767123
2022,9,"Setor Agrícola, Extração Vegetal e Celulose",8407459
2022,10,"Combustíveis, Derivados do Petróleo e Álcool",800632
2022,10,"Indústria Siderúrgica, Cimento e Construção Civil",2986085
2022,10,Minério de Ferro,32976408
2022,10,Outras Mercadorias,546727
2022,10,"Setor Agrícola, Extração Vegetal e Celulose",8355399
2022,11,"Setor Agrícola, Extração Vegetal e Celulose",7192614
2022,11,"Combustíveis, Derivados do Petróleo e Álcool",733566
2022,11,"Indústria Siderúrgica, Cimento e Construção Civil",2936572
2022,11,Minério de Ferro,30005525
2022,11,Outras Mercadorias,509762
2022,12,Outras Mercadorias,486496
2022,12,"Indústria Siderúrgica, Cimento e Construção Civil",2733814
2022,12,"Setor Agrícola, Extração Vegetal e Celulose",6292868
2022,12,"Combustíveis, Derivados do Petróleo e Álcool",674197
2022,12,Minério de Ferro,31262362
2023,1,Outras Mercadorias,427876
2023,1,Minério de Ferro,25654417
2023,1,"Setor Agrícola, Extração Vegetal e Celulose",4767097
2023,1,"Combustíveis, Derivados do Petróleo e Álcool",570184
2023,1,"Indústria Siderúrgica, Cimento e Construção Civil",2775093
2023,2,Minério de Ferro,24414009
2023,2,"Setor Agrícola, Extração Vegetal e Celulose",6753299
2023,2,Outras Mercadorias,437859
2023,2,"Indústria Siderúrgica, Cimento e Construção Civil",2539604
2023,2,"Combustíveis, Derivados do Petróleo e Álcool",605616
2023,3,"Setor Agrícola, Extração Vegetal e Celulose",8331455
2023,3,"Indústria Siderúrgica, Cimento e Construção Civil",3096066
2023,3,"Combustíveis, Derivados do Petróleo e Álcool",716007
2023,3,Minério de Ferro,26557863
2023,3,Outras Mercadorias,496298
2023,4,"Combustíveis, Derivados do Petróleo e Álcool",653554
2023,4,Minério de Ferro,26819597
2023,4,Outras Mercadorias,479315
2023,4,"Setor Agrícola, Extração Vegetal e Celulose",8803946
2023,4,"Indústria Siderúrgica, Cimento e Construção Civil",2781245
2023,5,"Indústria Siderúrgica, Cimento e Construção Civil",3065630
2023,5,Minério de Ferro,33204576
2023,5,Outras Mercadorias,510807
2023,5,"Combustíveis, Derivados do Petróleo e Álcool",689626
2023,5,"Setor Agrícola, Extração Vegetal e Celulose",9048053
2023,6,Minério de Ferro,34496884
2023,6,"Setor Agrícola, Extração Vegetal e Celulose",8894655
2023,6,Outras Mercadorias,533181
2023,6,"Indústria Siderúrgica, Cimento e Construção Civil",2898586
2023,6,"Combustíveis, Derivados do Petróleo e Álcool",734927
2023,7,"Setor Agrícola, Extração Vegetal e Celulose",9029090
2023,7,"Indústria Siderúrgica, Cimento e Construção Civil",3013862
2023,7,"Combustíveis, Derivados do Petróleo e Álcool",740808
2023,7,Minério de Ferro,35157859
2023,7,Outras Mercadorias,592100
2023,8,"Indústria Siderúrgica, Cimento e Construção Civil",3133202
2023,8,Minério de Ferro,34198743
2023,8,Outras Mercadorias,620107
2023,8,"Setor Agrícola, Extração Vegetal e Celulose",9133544
2023,8,"Combustíveis, Derivados do Petróleo e Álcool",803040
2023,9,Minério de Ferro,35546166
2023,9,"Setor Agrícola, Extração Vegetal e Celulose",9229473
2023,9,Outras Mercadorias,598723
2023,9,"Combustíveis, Derivados do Petróleo e Álcool",768554
2023,9,"Indústria Siderúrgica, Cimento e Construção Civil",3227691
2023,10,Minério de Ferro,34904903
2023,10,"Indústria Siderúrgica, Cimento e Construção Civil",3130549
2023,10,"Combustíveis, Derivados do Petróleo e Álcool",782492
2023,10,"Setor Agrícola, Extração Vegetal e Celulose",8568099
2023,10,Outras Mercadorias,519318
2023,11,"Combustíveis, Derivados do Petróleo e Álcool",589648
2023,11,Outras Mercadorias,493712
2023,11,Minério de Ferro,33880928
2023,11,"Setor Agrícola, Extração Vegetal e Celulose",8160579
2023,11,"Indústria Siderúrgica, Cimento e Construção Civil",2836133
2023,12,"Combustíveis, Derivados do Petróleo e Álcool",631716
2023,12,"Setor Agrícola, Extração Vegetal e Celulose",7609156
2023,12,Minério de Ferro,37682447
2023,12,Outras Mercadorias,554167
2023,12,"Indústria Siderúrgica, Cimento e Construção Civil",2917784
2024,1,"Indústria Siderúrgica, Cimento e Construção Civil",2991956
2024,1,Minério de Ferro,30456179
2024,1,"Combustíveis, Derivados do Petróleo e Álcool",688586
2024,1,Outras Mercadorias,559754
2024,1,"Setor Agrícola, Extração Vegetal e Celulose",5467882
2024,2,"Combustíveis, Derivados do Petróleo e Álcool",675993
2024,2,"Indústria Siderúrgica, Cimento e Construção Civil",2798109
2024,2,"Setor Agrícola, Extração Vegetal e Celulose",7481364
2024,2,Outras Mercadorias,541150
2024,2,Minério de Ferro,26492249
2024,3,"Setor Agrícola, Extração Vegetal e Celulose",8913146
2024,3,Outras Mercadorias,555928
2024,3,Minério de Ferro,28617267
2024,3,"Combustíveis, Derivados do Petróleo e Álcool",698890
2024,3,"Indústria Siderúrgica, Cimento e Construção Civil",2911643
2024,4,"Setor Agrícola, Extração Vegetal e Celulose",8593678
2024,4,Outras Mercadorias,534121
2024,4,"Indústria Siderúrgica, Cimento e Construção Civil",2689293
2024,4,Minério de Ferro,28007652
2024,4,"Combustíveis, Derivados do Petróleo e Álcool",658861
2024,5,Minério de Ferro,31591844
2024,5,Outras Mercadorias,550773
2024,5,"Combustíveis, Derivados do Petróleo e Álcool",632229
2024,5,"Setor Agrícola, Extração Vegetal e Celulose",9339652
2024,5,"Indústria Siderúrgica, Cimento e Construção Civil",2963768
2024,6,"Setor Agrícola, Extração Vegetal e Celulose",9075630
2024,6,Minério de Ferro,33882184
2024,6,"Combustíveis, Derivados do Petróleo e Álcool",633771
2024,6,Outras Mercadorias,547753
2024,6,"Indústria Siderúrgica, Cimento e Construção Civil",2983276
2024,7,"Indústria Siderúrgica, Cimento e Construção Civil",3192131
2024,7,Outras Mercadorias,572038
2024,7,"Combustíveis, Derivados do Petróleo e Álcool",676762
2024,7,Minério de Ferro,36257366
2024,7,"Setor Agrícola, Extração Vegetal e Celulose",9121568
2024,8,Minério de Ferro,38832549
2024,8,"Setor Agrícola, Extração Vegetal e Celulose",9212815
2024,8,Outras Mercadorias,552924
2024,8,"Indústria Siderúrgica, Cimento e Construção Civil",3173008
2024,8,"Combustíveis, Derivados do Petróleo e Álcool",694929
2024,9,"Indústria Siderúrgica, Cimento e Construção Civil",3226168
2024,9,"Setor Agrícola, Extração Vegetal e Celulose",8602641
2024,9,"Combustíveis, Derivados do Petróleo e Álcool",685162
2024,9,Outras Mercadorias,553082
2024,9,Minério de Ferro,34218138
2024,10,"Indústria Siderúrgica, Cimento e Construção Civil",3291081
2024,10,Outras Mercadorias,582351
2024,10,Minério de Ferro,34825346
2024,10,"Setor Agrícola, Extração Vegetal e Celulose",8816943
2024,10,"Combustíveis, Derivados do Petróleo e Álcool",718733
2024,11,Outras Mercadorias,562739
2024,11,"Indústria Siderúrgica, Cimento e Construção Civil",3011306
2024,11,"Setor Agrícola, Extração Vegetal e Celulose",8087641
2024,11,Minério de Ferro,33280538
2024,11,"Combustíveis, Derivados do Petróleo e Álcool",642348
2024,12,"Combustíveis, Derivados do Petróleo e Álcool",605937
2024,12,Outras Mercadorias,557901
2024,12,"Setor Agrícola, Extração Vegetal e Celulose",6302498
2024,12,Minério de Ferro,34276872
2024,12,"Indústria Siderúrgica, Cimento e Construção Civil",2895129
2025,1,Minério de Ferro,27776803
2025,1,"Indústria Siderúrgica, Cimento e Construção Civil",2697447
2025,1,"Combustíveis, Derivados do Petróleo e Álcool",593498
2025,1,"Setor Agrícola, Extração Vegetal e Celulose",3871588
2025,1,Outras Mercadorias,538991
2025,2,Outras Mercadorias,462576
2025,2,"Indústria Siderúrgica, Cimento e Construção Civil",2625068
2025,2,"Combustíveis, Derivados do Petróleo e Álcool",581659
2025,2,Minério de Ferro,25869997
2025,2,"Setor Agrícola, Extração Vegetal e Celulose",6587943
2025,3,"Combustíveis, Derivados do Petróleo e Álcool",662738
2025,3,"Setor Agrícola, Extração Vegetal e Celulose",8656147
2025,3,Outras Mercadorias,539686
2025,3,"Indústria Siderúrgica, Cimento e Construção Civil",2955531
2025,3,Minério de Ferro,29451823
2025,4,"Combustíveis, Derivados do Petróleo e Álcool",612076
2025,4,"Indústria Siderúrgica, Cimento e Construção Civil",2849585
2025,4,"Setor Agrícola, Extração Vegetal e Celulose",8443136
2025,4,Minério de Ferro,29152353
2025,4,Outras Mercadorias,509731
